date,open,high,low,close,volume
1970-01-01 00:28:34.003200,39.2900,39.8200,38.9600,39.2200,16589142
1970-01-01 00:28:33.916800,39.5000,39.6600,38.9350,39.4900,15946635
1970-01-01 00:28:33.830400,38.9100,39.9950,38.6800,39.7000,25972819
1970-01-01 00:28:33.744000,41.4000,41.6400,38.5600,38.6000,51243224
1970-01-01 00:28:33.484800,40.0000,40.6750,39.9800,40.4900,24706520
1970-01-01 00:28:33.398400,39.8500,40.1700,39.7100,40.1300,20173746
1970-01-01 00:28:33.312000,39.8500,39.9750,39.4615,39.7800,21009242
1970-01-01 00:28:33.225600,40.1100,40.1400,39.5700,39.7700,14016776
1970-01-01 00:28:33.139200,40.1100,40.3500,39.8500,40.1100,16442814
1970-01-01 00:28:32.880000,40.1800,40.2600,39.6800,39.7200,21554994
1970-01-01 00:28:32.793600,40.4500,40.4700,40.0900,40.1600,14782159
1970-01-01 00:28:32.707200,40.6100,40.6600,39.9600,40.5200,17900359
1970-01-01 00:28:32.620800,41.0600,41.1800,40.5400,40.8400,17200655
1970-01-01 00:28:32.534400,42.1200,42.1500,41.7100,41.7300,14409938
1970-01-01 00:28:32.275200,42.2500,42.4350,41.6100,42.1200,14321305
1970-01-01 00:28:32.188800,42.9900,43.4200,42.4400,42.4500,16445349
1970-01-01 00:28:32.102400,42.5800,42.9000,42.5300,42.8400,18145081
1970-01-01 00:28:32.016000,42.3000,42.6750,42.2600,42.5400,16899241
1970-01-01 00:28:31.929600,41.9900,42.3400,41.5250,42.2800,14184009
1970-01-01 00:28:31.584000,41.6400,42.1500,41.6300,41.9600,19771402
1970-01-01 00:28:31.497600,41.1000,41.7800,41.1000,41.5400,19260122
1970-01-01 00:28:31.411200,40.8300,40.9975,40.7100,40.8500,17854062
1970-01-01 00:28:31.324800,40.5300,40.8800,40.4800,40.8700,14587174
1970-01-01 00:28:31.065600,40.7400,40.8100,40.0100,40.3700,17816449
1970-01-01 00:28:30.979200,40.1200,40.5900,39.9800,40.5400,21868344
1970-01-01 00:28:30.892800,39.9600,40.2700,39.8000,40.1200,15198777
1970-01-01 00:28:30.806400,39.8800,40.0450,39.8050,39.9700,15226876
1970-01-01 00:28:30.720000,39.4800,39.9600,39.2600,39.9300,16200777
1970-01-01 00:28:30.460800,39.6000,39.9300,39.1400,39.4900,54893854
1970-01-01 00:28:30.374400,40.0000,40.0600,39.4400,39.7700,17438534
1970-01-01 00:28:30.288000,40.2900,40.5000,40.0600,40.2600,13746736
1970-01-01 00:28:30.201600,40.0300,40.2600,39.9000,40.1300,12428063
1970-01-01 00:28:30.115200,39.5700,40.2300,39.5600,40.1300,12307239
1970-01-01 00:28:29.856000,39.6100,39.8800,39.3900,39.5100,17807879
1970-01-01 00:28:29.769600,40.1000,40.2850,39.3800,39.5300,17100634
1970-01-01 00:28:29.683200,40.3500,40.3650,39.7700,39.9300,16331050
1970-01-01 00:28:29.596800,40.3500,40.9600,39.9200,40.3500,20640051
1970-01-01 00:28:29.510400,39.9200,40.3300,39.5100,40.3100,18753947
1970-01-01 00:28:29.251200,39.9900,40.2900,39.7700,40.2000,12130864
1970-01-01 00:28:29.164800,40.1000,40.2250,39.8500,40.0200,20486465
1970-01-01 00:28:29.078400,39.9600,40.2100,39.8600,40.1000,12436956
1970-01-01 00:28:28.992000,39.6800,39.9800,39.4300,39.9300,17074092
1970-01-01 00:28:28.905600,40.6000,40.6300,39.4300,39.6900,25108422
1970-01-01 00:28:28.646400,40.6300,41.1450,40.4550,40.6600,15228553
1970-01-01 00:28:28.560000,40.7500,40.9300,40.1100,40.7300,22068913
1970-01-01 00:28:28.473600,40.4900,41.1200,40.3700,41.1000,16279653
1970-01-01 00:28:28.387200,40.4100,40.9100,40.2700,40.5000,12069523
1970-01-01 00:28:28.041600,40.2900,40.6700,39.7400,40.4900,12645534
1970-01-01 00:28:27.955200,40.2100,40.6200,40.1800,40.5900,12081362
1970-01-01 00:28:27.868800,40.3800,40.5400,39.9700,40.1500,12443213
1970-01-01 00:28:27.782400,40.2000,40.4550,39.6800,40.1300,14483637
1970-01-01 00:28:27.696000,39.7300,40.1700,39.5350,40.1000,15060525
1970-01-01 00:28:27.436800,39.9000,40.0900,39.2620,39.7200,18479407
1970-01-01 00:28:27.350400,40.3000,40.3700,39.4400,39.9100,19523527
1970-01-01 00:28:27.264000,41.1000,41.1400,40.3600,40.4200,21815622
1970-01-01 00:28:27.177600,41.3900,41.5700,40.9500,41.1000,17524062
1970-01-01 00:28:27.091200,42.0000,42.1800,41.2750,41.3800,20466155
1970-01-01 00:28:26.832000,42.2000,42.4650,41.8250,42.1300,21548643
1970-01-01 00:28:26.745600,42.6800,42.7200,41.9700,42.4900,19586542
1970-01-01 00:28:26.659200,42.1900,43.2100,42.0400,42.3500,23392266
1970-01-01 00:28:26.572800,42.0000,42.6000,41.8100,42.4700,20044557
1970-01-01 00:28:26.486400,42.1200,42.3900,41.6600,42.0500,23905653
1970-01-01 00:28:26.227200,42.2900,42.4900,42.1000,42.4000,20367179
1970-01-01 00:28:26.140800,41.4500,42.3000,41.3300,42.2900,24613156
1970-01-01 00:28:26.054400,42.2300,42.3400,41.1900,41.2800,27879816
1970-01-01 00:28:25.968000,41.0700,42.2459,40.5900,42.2300,49713734
1970-01-01 00:28:25.881600,39.4000,39.7200,39.3100,39.5800,26039194
1970-01-01 00:28:25.622400,39.0700,39.4300,38.6900,39.3300,20561724
1970-01-01 00:28:25.536000,38.5300,39.0100,38.4550,38.9400,17112788
1970-01-01 00:28:25.449600,38.7200,39.4300,38.6700,38.8700,21377140
1970-01-01 00:28:25.363200,38.5800,39.3500,38.3500,39.2900,31039445
1970-01-01 00:28:25.017600,38.1900,38.7700,38.1700,38.5600,18774830
1970-01-01 00:28:24.931200,39.0300,39.0350,37.5600,37.9000,31289774
1970-01-01 00:28:24.844800,39.0800,39.1050,38.6600,39.0800,16354675
1970-01-01 00:28:24.758400,39.2500,39.2500,38.7700,39.0400,17880132
1970-01-01 00:28:24.672000,40.1500,40.2600,39.4800,40.1000,28483034
1970-01-01 00:28:24.412800,39.4700,40.3700,39.2950,40.2000,30030017
1970-01-01 00:28:24.326400,39.6800,39.8500,39.3600,39.3700,24214642
1970-01-01 00:28:24.240000,39.5300,39.7200,39.1300,39.1600,26263885
1970-01-01 00:28:24.153600,37.7300,38.9700,37.6800,38.8800,23810940
1970-01-01 00:28:23.808000,37.3800,37.7600,37.3200,37.7000,16222673
1970-01-01 00:28:23.721600,37.1800,37.7200,37.1500,37.4900,14931664
1970-01-01 00:28:23.635200,37.3300,37.4554,37.2001,37.3100,15242080
1970-01-01 00:28:23.548800,37.4400,37.6400,37.3100,37.4800,11856569
1970-01-01 00:28:23.203200,37.4200,37.7850,37.4000,37.4900,13171597
1970-01-01 00:28:23.116800,37.3500,37.5500,37.2100,37.4300,15421048
1970-01-01 00:28:23.030400,37.5000,37.7300,37.2800,37.3000,18134647
1970-01-01 00:28:22.944000,37.6000,37.7400,37.4900,37.5700,17512663
1970-01-01 00:28:22.857600,37.7200,37.8000,37.2700,37.6700,22057185
1970-01-01 00:28:22.598400,37.5500,37.8300,37.1400,37.3700,51721568
1970-01-01 00:28:22.512000,37.2500,37.9800,37.1800,37.8700,28551571
1970-01-01 00:28:22.425600,37.0800,37.1500,36.4600,36.9900,32473172
1970-01-01 00:28:22.339200,37.5700,37.6400,37.1700,37.3000,17096700
1970-01-01 00:28:22.252800,38.2900,38.3900,37.4800,37.6700,21914521
1970-01-01 00:28:21.993600,38.6600,38.6800,38.0100,38.2500,21850377
1970-01-01 00:28:21.907200,38.5500,38.7300,38.3029,38.6500,15223187
1970-01-01 00:28:21.820800,38.2500,38.8800,38.0750,38.5000,20194519
1970-01-01 00:28:21.734400,38.3500,38.5500,38.0911,38.4200,23003306
1970-01-01 00:28:21.648000,38.4000,38.5700,38.0300,38.0400,22109241
1970-01-01 00:28:21.388800,38.4000,38.6100,38.2700,38.5800,20762478
1970-01-01 00:28:21.302400,37.8300,38.4399,37.8200,38.3300,36623544
1970-01-01 00:28:21.216000,37.5300,37.8900,37.5300,37.7600,16387388
1970-01-01 00:28:21.129600,37.3500,37.5100,37.2000,37.4700,14521678
1970-01-01 00:28:21.043200,37.4500,37.5400,37.2900,37.3500,15245305
1970-01-01 00:28:20.784000,37.4500,37.5700,37.3000,37.4100,6766657
1970-01-01 00:28:20.611200,37.3300,37.5200,37.2200,37.3500,14613957
1970-01-01 00:28:20.524800,36.8600,37.4500,36.8450,37.2500,22946415
1970-01-01 00:28:20.438400,36.2800,36.8650,36.2000,36.7300,18660152
1970-01-01 00:28:20.179200,36.3800,36.3800,36.0800,36.2300,19361158
1970-01-01 00:28:20.092800,36.0800,36.3800,35.9300,36.1800,19110763
1970-01-01 00:28:20.006400,35.8800,36.1100,35.8400,36.0000,22855521
1970-01-01 00:28:19.920000,36.0100,36.1000,35.8050,35.8800,17667064
1970-01-01 00:28:19.833600,35.6400,36.1800,35.4100,35.8200,17236732
1970-01-01 00:28:19.574400,35.9100,35.9200,35.3950,35.7100,12792886
1970-01-01 00:28:19.488000,35.8700,36.0500,35.4600,35.6200,15685805
1970-01-01 00:28:19.401600,35.9400,35.9800,35.6000,35.7700,16971514
1970-01-01 00:28:19.315200,35.7000,36.1000,35.6500,35.9400,17654571
1970-01-01 00:28:19.228800,35.9800,36.0300,35.6150,35.6400,15544033
1970-01-01 00:28:18.969600,35.9900,36.3700,35.9400,36.0200,23323169
1970-01-01 00:28:18.883200,35.3100,35.9400,35.3100,35.9000,24946038
1970-01-01 00:28:18.796800,35.4050,35.5550,35.1500,35.4000,26071209
1970-01-01 00:28:18.710400,34.7100,35.2100,34.6700,35.1300,28903418
1970-01-01 00:28:18.624000,33.8400,34.8000,33.8400,34.6200,31497688
1970-01-01 00:28:18.364800,34.3800,34.5899,33.3400,33.4400,23924828
1970-01-01 00:28:18.278400,33.6600,34.7000,33.6400,34.4700,34366965
1970-01-01 00:28:18.192000,34.5000,34.6100,33.6050,33.6900,30832751
1970-01-01 00:28:18.105600,33.1500,34.4600,32.9700,34.3000,61617905
1970-01-01 00:28:18.019200,31.4800,31.6600,31.2600,31.3900,31725789
1970-01-01 00:28:17.760000,31.5700,32.1400,31.5500,31.5700,27271166
1970-01-01 00:28:17.673600,31.4200,31.9700,31.3950,31.5800,28806638
1970-01-01 00:28:17.587200,31.4200,31.4800,30.9900,31.0500,22024305
1970-01-01 00:28:17.500800,31.1100,31.5400,31.1000,31.5100,21186020
1970-01-01 00:28:17.414400,30.8400,31.3200,30.6200,31.2500,21087894
1970-01-01 00:28:17.155200,31.0800,31.3900,30.6400,30.6700,24541452
1970-01-01 00:28:17.068800,31.3300,31.3700,30.6500,30.9100,21718322
1970-01-01 00:28:16.982400,31.8300,31.9700,31.4101,31.4600,15694163
1970-01-01 00:28:16.896000,31.4800,31.8000,31.3200,31.7600,19151879
1970-01-01 00:28:16.809600,30.7400,31.5000,30.7400,31.4500,20344279
1970-01-01 00:28:16.550400,30.9400,31.0000,30.1350,30.8500,31291754
1970-01-01 00:28:16.464000,31.5600,31.9200,31.3800,31.8200,22774377
1970-01-01 00:28:16.377600,31.7900,31.9650,31.4000,31.5400,23694073
1970-01-01 00:28:16.291200,31.7000,32.0100,31.6126,31.9800,21389370
1970-01-01 00:28:16.204800,32.4400,32.4700,31.7316,31.7600,24722596
1970-01-01 00:28:15.945600,32.6200,32.7500,32.3650,32.4100,19787595
1970-01-01 00:28:15.859200,32.4000,32.6150,32.4000,32.5500,18772111
1970-01-01 00:28:15.772800,32.9500,33.0100,32.3100,32.4000,22083548
1970-01-01 00:28:15.686400,32.8900,33.1700,32.8100,32.9900,18841582
1970-01-01 00:28:15.600000,33.1700,33.2500,32.8700,33.1600,17616880
1970-01-01 00:28:15.340800,33.2600,33.5100,32.9300,33.2800,22740043
1970-01-01 00:28:15.254400,33.5200,33.8500,33.2600,33.2900,18001589
1970-01-01 00:28:15.168000,33.5800,33.9400,33.3600,33.6000,23741979
1970-01-01 00:28:15.081600,33.5800,33.7300,33.2500,33.4000,23383954
1970-01-01 00:28:14.995200,33.9000,33.9700,33.5200,33.5300,16233695
1970-01-01 00:28:14.736000,33.9600,34.1670,33.6600,33.7900,38205159
1970-01-01 00:28:14.649600,34.2700,34.3800,33.9400,34.0400,26570120
1970-01-01 00:28:14.563200,34.3000,34.3000,33.5100,33.8600,21027896
1970-01-01 00:28:14.476800,34.1300,34.1800,33.8000,34.0400,15784435
1970-01-01 00:28:14.390400,33.7000,34.0900,33.5800,33.9400,18883869
1970-01-01 00:28:14.131200,33.8100,33.8300,33.2300,33.4500,24891078
1970-01-01 00:28:14.044800,34.1800,34.5200,33.7500,33.8100,26605789
1970-01-01 00:28:13.958400,34.1000,34.4400,33.9900,34.1800,19187074
1970-01-01 00:28:13.872000,34.8500,35.0700,34.3000,34.3000,17486007
1970-01-01 00:28:13.526400,34.9900,35.1450,34.8350,34.8600,14748679
1970-01-01 00:28:13.440000,34.8500,35.1400,34.7600,34.9800,24333179
1970-01-01 00:28:13.353600,34.8900,34.9500,34.5500,34.6400,15021404
1970-01-01 00:28:13.267200,33.9900,34.7500,33.9500,34.6900,28782805
1970-01-01 00:28:13.180800,33.4800,33.6200,33.2550,33.5500,16050364
1970-01-01 00:28:12.921600,33.3300,33.5200,33.0200,33.3500,14912091
1970-01-01 00:28:12.835200,33.0100,33.5800,33.0000,33.3800,18561368
1970-01-01 00:28:12.748800,33.2000,33.3700,33.0100,33.1900,15766363
1970-01-01 00:28:12.662400,33.0800,33.3200,32.8900,33.2000,21730332
1970-01-01 00:28:12.576000,33.1500,33.2190,32.7700,33.0000,27074365
1970-01-01 00:28:12.316800,32.8600,33.4200,32.8600,33.1800,21722667
1970-01-01 00:28:12.230400,33.3600,33.4800,32.8500,33.0600,19127977
1970-01-01 00:28:12.144000,33.3000,33.6400,33.1400,33.2700,17395145
1970-01-01 00:28:12.057600,33.3500,33.5100,33.2100,33.2600,15528563
1970-01-01 00:28:11.971200,33.1900,33.5900,33.1400,33.5600,17933999
1970-01-01 00:28:11.712000,32.9600,33.4200,32.9450,33.3600,15271420
1970-01-01 00:28:11.625600,32.8500,33.3200,32.8200,33.0200,19031591
1970-01-01 00:28:11.539200,32.5100,32.8300,32.3400,32.7100,20798516
1970-01-01 00:28:11.452800,32.4500,32.8100,32.4300,32.5700,22178898
1970-01-01 00:28:11.366400,32.6500,32.8300,32.1800,32.5300,24314027
1970-01-01 00:28:11.107200,33.0000,33.0300,32.5300,32.6200,24583963
1970-01-01 00:28:11.020800,33.0500,33.2500,32.7300,33.0600,20469774
1970-01-01 00:28:10.934400,33.4700,33.7000,33.2200,33.3200,20481593
1970-01-01 00:28:10.848000,34.2900,34.3000,33.3150,33.4300,27302970
1970-01-01 00:28:10.761600,34.0000,34.1200,33.8400,34.0800,24509886
1970-01-01 00:28:10.502400,33.6700,34.3200,33.6600,34.0300,30651129
1970-01-01 00:28:10.416000,34.2300,34.6100,33.5400,33.5500,28097525
1970-01-01 00:28:10.329600,33.8550,34.6100,33.7650,34.3400,27916029
1970-01-01 00:28:10.243200,34.6400,34.9500,33.7200,34.2400,35719475
1970-01-01 00:28:10.156800,33.8800,34.6000,33.7100,33.9800,30784159
1970-01-01 00:28:09.897600,33.5100,33.9400,33.3600,33.8800,25179366
1970-01-01 00:28:09.811200,33.9000,34.0000,33.5100,33.6400,32839925
1970-01-01 00:28:09.724800,33.7100,34.1600,33.1600,33.9700,61880969
1970-01-01 00:28:09.638400,32.0150,33.1500,31.9650,32.2700,79722186
1970-01-01 00:28:09.552000,33.6500,33.6500,31.2500,31.4600,97510638
1970-01-01 00:28:09.292800,34.4300,34.5000,33.9450,34.0100,31576021
1970-01-01 00:28:09.206400,34.8200,34.8600,34.4200,34.6400,25641876
1970-01-01 00:28:09.120000,35.1050,35.2400,34.7100,34.8600,27299606
1970-01-01 00:28:09.033600,35.1200,35.2200,34.7100,34.9900,28340297
1970-01-01 00:28:08.947200,35.9200,35.9600,35.0000,35.1400,30326447
1970-01-01 00:28:08.688000,36.2200,36.3500,35.8700,35.9000,20482678
1970-01-01 00:28:08.601600,37.4000,37.4100,37.0600,37.1300,21566844
1970-01-01 00:28:08.515200,37.2800,37.6800,37.2300,37.4800,19876794
1970-01-01 00:28:08.342400,37.1700,37.3789,36.9600,37.2800,10367137
1970-01-01 00:28:08.083200,37.0000,37.2500,36.8450,37.1900,19098330
1970-01-01 00:28:07.996800,36.7900,37.0200,36.6550,36.9900,16740828
1970-01-01 00:28:07.910400,36.5000,36.8600,36.2400,36.8200,16756412
1970-01-01 00:28:07.824000,36.3700,36.6800,36.2200,36.5500,17757836
1970-01-01 00:28:07.737600,35.6600,36.1400,35.5000,36.1100,15839988
1970-01-01 00:28:07.478400,35.9500,36.0750,35.4800,35.5100,18991491
1970-01-01 00:28:07.392000,35.8200,35.9250,35.5700,35.8500,12431180
1970-01-01 00:28:07.305600,35.7000,35.9700,35.5000,35.8300,17121225
1970-01-01 00:28:07.219200,36.0800,36.1700,35.7800,35.8100,17695798
1970-01-01 00:28:06.873600,36.5200,36.6850,36.1650,36.4600,36102135
1970-01-01 00:28:06.787200,35.7600,36.4700,35.6800,36.4400,18890912
1970-01-01 00:28:06.700800,35.6300,35.9800,35.6200,35.7300,16538709
1970-01-01 00:28:06.614400,35.5000,35.7900,35.4200,35.4800,17706670
1970-01-01 00:28:06.528000,35.6600,35.7800,35.3600,35.6100,14052156
1970-01-01 00:28:06.268800,35.4600,35.6200,35.2600,35.4700,14956843
1970-01-01 00:28:06.182400,35.2400,35.4350,34.9800,35.4300,17749670
1970-01-01 00:28:06.096000,34.7200,35.2800,34.6300,35.2600,25494090
1970-01-01 00:28:06.009600,34.5000,34.7400,34.3300,34.7000,18406650
1970-01-01 00:28:05.923200,34.7800,35.1500,34.4500,34.4600,30125566
1970-01-01 00:28:05.664000,34.4000,34.9000,33.7200,34.5800,61527924
1970-01-01 00:28:05.577600,35.6000,35.9000,35.4150,35.7200,20565293
1970-01-01 00:28:05.491200,34.8600,35.9750,34.8600,35.6300,52880726
1970-01-01 00:28:05.404800,34.9700,35.1300,34.7800,34.9000,19353269
1970-01-01 00:28:05.059200,34.8400,35.0550,34.6700,35.0000,18216699
1970-01-01 00:28:04.972800,35.5400,35.5600,34.7400,34.8200,32465946
1970-01-01 00:28:04.886400,36.2250,36.2500,35.8500,35.8700,16044202
1970-01-01 00:28:04.800000,35.9400,36.9100,35.8000,36.2400,21539663
1970-01-01 00:28:04.713600,36.2500,36.3300,35.9138,35.9600,16634308
1970-01-01 00:28:04.454400,36.2200,36.5200,36.0300,36.0500,16829231
1970-01-01 00:28:04.368000,36.0100,36.1700,35.7200,36.1300,20365878
1970-01-01 00:28:04.281600,36.2200,36.3400,36.0425,36.1800,16741081
1970-01-01 00:28:04.195200,36.6200,36.7800,36.0400,36.0500,20254126
1970-01-01 00:28:04.108800,37.6300,37.6300,36.7150,36.7700,20408708
1970-01-01 00:28:03.849600,37.6400,37.7450,37.4100,37.5900,10670714
1970-01-01 00:28:03.763200,37.4100,37.6400,37.3200,37.6000,11068670
1970-01-01 00:28:03.676800,37.8100,37.8300,37.2900,37.6300,14427499
1970-01-01 00:28:03.590400,37.8200,37.8200,37.4300,37.5700,12226835
1970-01-01 00:28:03.504000,37.6800,37.9050,37.4400,37.8300,10672394
1970-01-01 00:28:03.244800,37.5200,37.8400,37.1550,37.8300,15817355
1970-01-01 00:28:03.158400,37.8600,37.9600,37.2900,37.3500,16163096
1970-01-01 00:28:03.072000,37.9600,38.3000,37.6100,37.9800,16703175
1970-01-01 00:28:02.985600,38.4700,38.5100,37.4900,37.6700,17268747
1970-01-01 00:28:02.899200,39.1700,39.1800,38.6800,38.7100,17043545
1970-01-01 00:28:02.640000,38.5600,39.0000,38.4600,38.8300,19197489
1970-01-01 00:28:02.553600,37.2000,38.8100,37.1300,38.7900,28840965
1970-01-01 00:28:02.467200,37.1000,37.4400,36.8200,36.9200,20408643
1970-01-01 00:28:02.380800,36.7100,37.3600,36.5700,37.3000,24959415
1970-01-01 00:28:02.294400,37.1900,37.4900,36.9800,37.1000,20362496
1970-01-01 00:28:02.035200,37.4300,37.4300,37.0500,37.3200,23823779
1970-01-01 00:28:01.948800,37.6600,37.8000,36.9750,37.1900,31521282
1970-01-01 00:28:01.862400,38.9200,38.9900,38.5200,38.6000,17701195
1970-01-01 00:28:01.776000,39.4700,39.4900,38.9000,38.9400,16588499
1970-01-01 00:28:01.689600,39.2200,39.5100,39.1408,39.4600,11569052
1970-01-01 00:28:01.430400,39.3700,39.4200,38.8900,39.2200,11008437
1970-01-01 00:28:01.344000,39.1900,39.3200,38.9150,39.3200,13515822
1970-01-01 00:28:01.257600,39.3650,39.6250,39.1000,39.2000,13095197
1970-01-01 00:28:01.171200,39.3300,39.7000,39.2700,39.4500,12539690
1970-01-01 00:28:01.084800,39.2100,39.3500,38.9900,39.3500,16114342
1970-01-01 00:28:00.739200,39.5000,39.7800,39.1600,39.4800,21546616
1970-01-01 00:28:00.652800,39.7250,40.2450,39.5650,40.1100,23561318
1970-01-01 00:28:00.566400,39.2900,39.6500,39.2100,39.6500,18577085
1970-01-01 00:28:00.480000,39.0500,39.5750,39.0150,39.2200,19354856
1970-01-01 00:28:00.220800,38.7900,39.0499,38.5500,38.8900,22801450
1970-01-01 00:28:00.134400,38.5500,38.7500,38.4400,38.6600,13918665
1970-01-01 00:28:00.048000,38.3100,38.5100,38.1600,38.4800,12308926
1970-01-01 00:27:59.961600,38.0200,38.3100,37.9200,38.0000,13092597
1970-01-01 00:27:59.875200,37.9900,38.2200,37.7000,38.0500,14472797
1970-01-01 00:27:59.616000,37.5300,37.7000,37.2500,37.6600,14960047
1970-01-01 00:27:59.529600,37.3000,37.6300,37.1600,37.3700,15799037
1970-01-01 00:27:59.443200,37.7900,37.9500,37.2900,37.3100,15321811
1970-01-01 00:27:59.356800,37.7200,37.7700,37.3600,37.7400,16648146
1970-01-01 00:27:59.270400,36.9600,37.7100,36.9300,37.4300,19247806
1970-01-01 00:27:59.011200,36.5500,36.8300,36.1600,36.7900,47352510
1970-01-01 00:27:58.924800,36.8200,36.8800,36.4400,36.5800,29182216
1970-01-01 00:27:58.838400,36.6900,37.2550,36.5150,37.0600,21722228
1970-01-01 00:27:58.752000,36.6600,36.9400,36.5038,36.8800,22433212
1970-01-01 00:27:58.665600,36.5400,37.3300,36.3900,36.5400,21834458
1970-01-01 00:27:58.406400,36.6400,36.9200,36.4140,36.6800,23940703
1970-01-01 00:27:58.320000,37.6000,37.6450,36.5200,36.5500,26506922
1970-01-01 00:27:58.233600,37.8000,37.8100,37.3500,37.5300,20295626
1970-01-01 00:27:58.147200,38.1000,38.1500,37.4300,37.9100,23713458
1970-01-01 00:27:58.060800,38.3700,38.6300,38.0500,38.1500,22925647
1970-01-01 00:27:57.801600,38.4400,38.5100,38.0600,38.2600,23407510
1970-01-01 00:27:57.715200,38.1000,38.4600,37.9400,38.4100,18821077
1970-01-01 00:27:57.628800,38.7100,38.7100,38.1500,38.3000,18411712
1970-01-01 00:27:57.542400,38.7000,38.9700,38.5500,38.8100,16685262
1970-01-01 00:27:57.456000,38.9900,39.1450,38.6300,38.8800,14210850
1970-01-01 00:27:57.196800,38.2300,38.7600,38.0900,38.7400,16431537
1970-01-01 00:27:57.110400,39.1200,39.3200,38.5200,38.5300,16738177
1970-01-01 00:27:57.024000,39.3800,39.5900,39.0250,39.2800,15086755
1970-01-01 00:27:56.937600,39.9000,39.9800,39.1600,39.2000,17805490
1970-01-01 00:27:56.592000,39.8400,40.3900,39.6600,40.2200,15029174
1970-01-01 00:27:56.505600,40.0600,40.2100,39.7000,39.8400,16625882
1970-01-01 00:27:56.419200,40.2300,40.4000,40.0950,40.3800,11270429
1970-01-01 00:27:56.332800,40.4600,40.5800,39.9100,40.3300,12292355
1970-01-01 00:27:56.246400,40.0100,40.4700,39.8800,40.3200,14486021
1970-01-01 00:27:55.987200,40.0000,40.0650,39.7150,40.0100,15398542
1970-01-01 00:27:55.900800,40.6200,40.6600,39.7500,39.8100,17485658
1970-01-01 00:27:55.814400,40.5300,40.7000,40.1234,40.5200,14080247
1970-01-01 00:27:55.728000,40.9900,41.2100,40.1200,40.5500,21668545
1970-01-01 00:27:55.641600,41.5100,41.5900,40.8950,41.2800,15530722
1970-01-01 00:27:55.382400,41.7800,41.9700,41.1400,41.5100,18314419
1970-01-01 00:27:55.296000,41.7400,41.9300,41.2000,41.8300,18443768
1970-01-01 00:27:55.209600,41.9900,42.0000,41.1250,41.6900,19542040
1970-01-01 00:27:55.123200,41.0800,41.5800,41.0100,41.5700,18665168
1970-01-01 00:27:55.036800,40.8400,41.2600,40.7000,41.0500,22272551
1970-01-01 00:27:54.777600,40.2200,40.6800,39.7700,40.6400,17254035
1970-01-01 00:27:54.691200,40.3800,40.5700,39.9300,40.2700,19568136
1970-01-01 00:27:54.604800,40.5400,41.0900,39.9100,40.3300,26526961
1970-01-01 00:27:54.518400,38.6900,40.7300,38.4100,40.4200,32143900
1970-01-01 00:27:54.432000,39.9900,40.3400,39.4200,39.6300,34249323
1970-01-01 00:27:54.172800,40.0400,40.1200,39.4600,40.0000,23377874
1970-01-01 00:27:54.086400,39.7100,40.2750,39.4715,40.0600,24812611
1970-01-01 00:27:54.000000,40.8600,40.8600,39.8241,39.9700,22976472
1970-01-01 00:27:53.913600,41.8500,41.9200,40.7900,40.8500,28696962
1970-01-01 00:27:53.568000,41.6500,41.9150,41.3700,41.8600,17229808
1970-01-01 00:27:53.481600,41.3800,41.9500,41.1230,41.8100,16980290
1970-01-01 00:27:53.395200,42.1400,42.1800,41.0200,41.1800,20674841
1970-01-01 00:27:53.308800,41.3600,41.9750,41.1700,41.9500,16695308
1970-01-01 00:27:53.222400,41.3800,41.6700,41.3123,41.3700,23062219
1970-01-01 00:27:52.963200,41.9200,42.5780,41.8800,42.1900,26010388
1970-01-01 00:27:52.876800,41.2000,41.9450,40.8200,41.7000,29987161
1970-01-01 00:27:52.790400,40.5400,41.4200,40.2600,41.1300,28779472
1970-01-01 00:27:52.704000,39.7700,40.2300,39.3800,40.1200,31330684
1970-01-01 00:27:52.358400,39.3100,39.6900,39.0700,39.4000,44007197
1970-01-01 00:27:52.272000,38.9000,39.5350,38.8100,39.2600,17347000
1970-01-01 00:27:52.185600,39.1900,39.6600,38.5850,38.8100,21793177
1970-01-01 00:27:52.099200,38.4900,39.4000,38.3200,39.2500,25315928
1970-01-01 00:27:51.753600,38.3100,38.5399,37.9250,38.4100,16918339
1970-01-01 00:27:51.667200,37.6800,38.3200,37.3700,38.3100,26870189
1970-01-01 00:27:51.580800,37.2700,37.8500,37.2400,37.7800,24504279
1970-01-01 00:27:51.494400,36.9900,37.2100,36.6200,36.9900,24147313
1970-01-01 00:27:51.408000,37.3300,37.4700,36.5750,37.0300,26127160
1970-01-01 00:27:51.148800,37.5100,37.5700,36.6700,37.1200,62763820
1970-01-01 00:27:51.062400,37.7500,38.3390,37.6600,37.7700,33012533
1970-01-01 00:27:50.976000,37.8700,38.0900,37.2400,37.4500,23329799
1970-01-01 00:27:50.889600,38.3900,38.6200,37.8400,37.8600,30176841
1970-01-01 00:27:50.803200,37.6900,37.9600,37.2800,37.9500,19629617
1970-01-01 00:27:50.544000,37.2100,37.6300,36.9601,37.4000,20671248
1970-01-01 00:27:50.457600,37.1100,37.2400,36.8731,37.1000,19549082
1970-01-01 00:27:50.371200,36.7400,37.3050,36.6650,37.1700,23065918
1970-01-01 00:27:50.284800,36.9900,37.0700,36.6250,36.8900,26293703
1970-01-01 00:27:50.198400,37.9800,38.1100,36.9000,37.0700,27561037
1970-01-01 00:27:49.939200,37.9300,38.3000,37.7000,38.1800,21677142
1970-01-01 00:27:49.852800,39.1800,39.2300,37.8100,38.3300,26276613
1970-01-01 00:27:49.766400,38.2100,39.1400,38.1500,38.9800,31358756
1970-01-01 00:27:49.680000,38.0200,38.3700,37.9450,38.3400,14008826
1970-01-01 00:27:49.593600,39.0100,39.0900,38.1300,38.2400,21563586
1970-01-01 00:27:49.334400,39.1000,39.3585,38.9700,39.0200,7725741
1970-01-01 00:27:49.161600,39.0300,39.2000,38.6100,38.9200,14170012
1970-01-01 00:27:49.075200,38.8400,39.3200,38.8400,39.2000,19809517
1970-01-01 00:27:48.988800,38.6000,39.1300,38.5200,38.6200,19184223
1970-01-01 00:27:48.729600,38.2900,38.7700,38.2900,38.5500,17821689
1970-01-01 00:27:48.643200,37.5500,38.1800,37.2900,38.1600,18788613
1970-01-01 00:27:48.556800,37.6600,38.0700,37.6300,37.8800,18962154
1970-01-01 00:27:48.470400,38.4900,38.8300,37.4600,37.7000,25074062
1970-01-01 00:27:48.384000,38.4500,38.9900,38.3000,38.3100,22703201
1970-01-01 00:27:48.124800,38.5500,38.6900,37.8100,38.3000,22980965
1970-01-01 00:27:48.038400,38.3000,38.5500,37.8150,38.5200,23049015
1970-01-01 00:27:47.952000,37.9200,38.1300,37.5900,37.6200,17574620
1970-01-01 00:27:47.865600,37.2000,37.9900,37.1600,37.8700,17392700
1970-01-01 00:27:47.779200,37.3200,37.4450,36.9800,37.1900,19697586
1970-01-01 00:27:47.520000,37.3500,37.3700,36.8000,37.2400,17599447
1970-01-01 00:27:47.433600,37.3600,37.5400,37.1200,37.1500,22329775
1970-01-01 00:27:47.347200,37.2500,38.3450,37.1600,37.7100,30648858
1970-01-01 00:27:47.260800,37.9800,38.0900,37.3000,37.3700,22968931
1970-01-01 00:27:47.174400,37.5100,37.5400,37.0200,37.3700,26630586
1970-01-01 00:27:46.915200,36.8000,38.0400,36.5700,37.6700,31824348
1970-01-01 00:27:46.828800,36.6900,36.7200,36.1300,36.1800,20268027
1970-01-01 00:27:46.742400,36.3800,36.7100,36.2000,36.4300,20336109
1970-01-01 00:27:46.656000,35.9100,36.4750,35.8000,36.4300,25496452
1970-01-01 00:27:46.569600,35.6600,36.3900,35.5700,35.9700,28844841
1970-01-01 00:27:46.310400,35.5200,35.7000,34.5500,35.3500,51671130
1970-01-01 00:27:46.224000,36.5700,37.5350,36.5500,37.0000,35523687
1970-01-01 00:27:46.137600,36.5700,37.3700,36.5600,36.5700,29563612
1970-01-01 00:27:46.051200,37.6700,37.7000,36.8300,37.0700,27488567
1970-01-01 00:27:45.964800,36.7200,37.2950,36.5900,37.1800,21962926
1970-01-01 00:27:45.705600,36.8000,36.9100,36.3400,36.3800,26026315
1970-01-01 00:27:45.619200,35.1200,36.5900,35.0400,36.4000,33118128
1970-01-01 00:27:45.532800,35.9000,36.1950,35.6000,35.6800,23336827
1970-01-01 00:27:45.446400,36.5600,36.6900,35.9300,35.9400,27708924
1970-01-01 00:27:45.360000,37.1300,37.3150,36.3700,36.6200,21622184
1970-01-01 00:27:45.100800,37.6300,37.7000,36.8100,36.8500,31838656
1970-01-01 00:27:45.014400,39.4700,39.6556,37.7700,37.8400,36663252
1970-01-01 00:27:44.928000,39.3400,39.6200,38.8735,39.4000,17797905
1970-01-01 00:27:44.841600,39.5000,39.8500,39.2500,39.8100,25922460
1970-01-01 00:27:44.755200,38.5000,39.3700,38.3850,39.1600,21495260
1970-01-01 00:27:44.496000,38.5400,38.7900,37.9500,37.9700,23523581
1970-01-01 00:27:44.409600,39.1100,39.2000,38.4500,38.6400,17806891
1970-01-01 00:27:44.323200,39.0600,39.5100,39.0100,39.3900,20567391
1970-01-01 00:27:44.236800,39.2000,39.7000,38.7800,38.8900,20357674
1970-01-01 00:27:44.150400,39.2300,39.3800,38.6300,38.9300,21345731
1970-01-01 00:27:43.891200,39.5600,39.8700,39.1101,39.5200,19439740
1970-01-01 00:27:43.804800,39.4700,40.3950,39.2600,39.9300,19765359
1970-01-01 00:27:43.718400,40.6900,40.9000,39.4700,39.4800,25612126
1970-01-01 00:27:43.632000,40.9900,40.9900,40.4700,40.5900,15561210
1970-01-01 00:27:43.545600,41.0600,41.2500,40.6900,41.2400,18960850
1970-01-01 00:27:43.286400,40.9800,41.5400,40.6600,41.2500,45069317
1970-01-01 00:27:43.200000,41.0300,41.2700,40.7050,41.0300,22763389
1970-01-01 00:27:43.113600,41.7500,41.9300,40.9800,41.2800,23152189
1970-01-01 00:27:43.027200,42.4000,42.6100,41.5700,41.7500,21284536
1970-01-01 00:27:42.940800,42.5900,42.8500,42.4100,42.7600,18553233
1970-01-01 00:27:42.681600,41.6800,42.3200,41.4700,42.2400,20264008
1970-01-01 00:27:42.595200,41.0000,41.7200,40.7100,41.3200,28753211
1970-01-01 00:27:42.508800,41.1400,41.6500,41.0000,41.0800,25548328
1970-01-01 00:27:42.422400,41.3500,41.6900,41.0900,41.1000,23680125
1970-01-01 00:27:42.076800,42.0000,42.2100,41.1500,41.3000,21155672
1970-01-01 00:27:41.990400,41.6400,42.0462,41.6400,41.8100,21641704
1970-01-01 00:27:41.904000,42.4700,42.5850,41.7600,41.8100,28368156
1970-01-01 00:27:41.817600,43.3800,43.3800,42.5000,42.5300,20705141
1970-01-01 00:27:41.731200,43.0150,43.5650,43.0150,43.3300,14618868
1970-01-01 00:27:41.472000,43.5900,43.7000,43.2400,43.2500,16795672
1970-01-01 00:27:41.385600,43.6500,43.8220,43.4200,43.7400,14327642
1970-01-01 00:27:41.299200,43.5500,43.6300,43.2200,43.5500,17384403
1970-01-01 00:27:41.212800,44.0000,44.1300,43.4200,43.4700,19014206
1970-01-01 00:27:41.126400,44.4000,44.4700,44.0900,44.1700,15031368
1970-01-01 00:27:40.867200,44.1000,44.4900,43.9600,44.4200,19485361
1970-01-01 00:27:40.780800,44.4200,44.5300,43.9100,44.1900,25957373
1970-01-01 00:27:40.694400,45.4300,45.7150,45.2600,45.3400,11294435
1970-01-01 00:27:40.608000,45.5000,46.0500,45.3750,45.8000,14112762
1970-01-01 00:27:40.521600,45.0300,45.6400,44.9400,45.5600,15713636
1970-01-01 00:27:40.262400,44.9500,45.2600,44.8100,45.1500,15090888
1970-01-01 00:27:40.176000,44.9600,45.2600,44.7350,44.7800,15407263
1970-01-01 00:27:40.089600,45.0100,45.0600,44.6500,44.8400,16402719
1970-01-01 00:27:40.003200,44.6100,44.8500,44.3900,44.6800,14554024
1970-01-01 00:27:39.916800,44.9500,45.0100,44.3500,44.5400,20601703
1970-01-01 00:27:39.657600,44.4800,44.9800,44.3600,44.9500,17297475
1970-01-01 00:27:39.571200,45.2200,45.2200,44.3600,44.4300,29704282
1970-01-01 00:27:39.484800,45.4600,45.6050,45.1800,45.3300,17314111
1970-01-01 00:27:39.398400,46.2500,46.4300,45.3100,45.3400,18710317
1970-01-01 00:27:39.312000,46.2900,46.5000,45.9200,46.2600,18612099
1970-01-01 00:27:39.052800,45.7100,46.4950,45.5800,46.1900,23129840
1970-01-01 00:27:38.966400,44.8400,45.7200,44.7500,45.5500,22051867
1970-01-01 00:27:38.880000,44.8100,45.0891,44.4500,44.9100,21560483
1970-01-01 00:27:38.793600,44.5000,45.1650,44.2700,44.9200,20571800
1970-01-01 00:27:38.707200,44.3800,44.8000,44.0500,44.7600,27180705
1970-01-01 00:27:38.448000,45.9500,46.1800,43.7650,44.4500,58265024
1970-01-01 00:27:38.361600,47.6300,47.8800,46.6800,47.6600,32320981
1970-01-01 00:27:38.275200,50.4700,50.5450,49.0100,49.0700,29611356
1970-01-01 00:27:38.188800,50.4800,50.5600,50.2400,50.4500,14638481
1970-01-01 00:27:38.102400,51.0600,51.1700,50.1700,50.2800,16173075
1970-01-01 00:27:37.843200,51.0000,51.0400,50.3500,51.0200,13021335
1970-01-01 00:27:37.756800,49.9200,50.5600,49.7300,50.4900,10271680
1970-01-01 00:27:37.670400,50.4400,51.0900,50.2000,50.5100,13362454
1970-01-01 00:27:37.584000,50.6500,51.3600,50.2800,50.7800,20528742
1970-01-01 00:27:37.497600,50.3700,50.7350,50.2600,50.5000,12261844
1970-01-01 00:27:37.238400,50.5200,50.9200,50.4100,50.4900,13959150
1970-01-01 00:27:37.152000,50.9600,51.0550,50.3600,50.7100,13617053
1970-01-01 00:27:37.065600,51.4200,51.8850,51.1300,51.5100,14938949
1970-01-01 00:27:36.979200,51.4200,51.4600,50.4800,51.4200,19687279
1970-01-01 00:27:36.633600,50.9600,51.7700,50.5800,51.6400,14189318
1970-01-01 00:27:36.547200,50.6700,51.2150,50.4600,50.7500,18880496
1970-01-01 00:27:36.460800,50.4800,51.0000,50.3200,50.9400,13901445
1970-01-01 00:27:36.374400,51.0700,51.3000,50.4300,50.4600,16616610
1970-01-01 00:27:36.288000,51.2900,51.4900,50.6533,50.9600,16974912
1970-01-01 00:27:36.028800,52.0300,52.1500,50.5700,50.9600,28490736
1970-01-01 00:27:35.942400,51.0300,52.1800,51.0300,52.0900,21736425
1970-01-01 00:27:35.856000,50.2600,51.1700,50.2100,50.7900,23651571
1970-01-01 00:27:35.769600,49.3100,50.9100,49.2200,50.6500,34258506
1970-01-01 00:27:35.424000,48.6100,49.4850,48.5300,49.0300,36469517
1970-01-01 00:27:35.337600,48.5200,48.9700,48.0100,48.8400,22029325
1970-01-01 00:27:35.251200,49.2300,49.8300,48.5950,49.1500,22005586
1970-01-01 00:27:35.164800,49.5900,49.8350,48.8950,49.1600,20278711
1970-01-01 00:27:35.078400,50.6200,50.7900,49.4000,49.5900,23762461
1970-01-01 00:27:34.819200,50.6500,51.4000,50.4700,50.8200,19871436
1970-01-01 00:27:34.732800,51.6200,51.7700,50.9200,50.9400,12079268
1970-01-01 00:27:34.646400,51.7300,51.9600,51.4407,51.5500,13249737
1970-01-01 00:27:34.560000,51.1500,51.7000,50.9300,51.6500,15382978
1970-01-01 00:27:34.473600,50.9300,51.3499,50.7150,51.2400,12898057
1970-01-01 00:27:34.214400,50.9400,51.2500,50.6900,50.8100,10819821
1970-01-01 00:27:34.128000,51.5500,51.5900,50.3900,51.2900,13527847
1970-01-01 00:27:34.041600,51.4400,51.6300,51.0450,51.4000,15358128
1970-01-01 00:27:33.955200,51.2600,51.5600,50.8510,51.2900,25016558
1970-01-01 00:27:33.609600,50.7500,51.4300,50.5300,51.4000,13347346
1970-01-01 00:27:33.523200,51.3100,51.6050,50.9099,50.9900,15500359
1970-01-01 00:27:33.436800,50.5000,51.2700,50.3900,51.2400,19831483
1970-01-01 00:27:33.350400,49.6900,50.8200,48.8600,50.6800,25414668
1970-01-01 00:27:33.264000,49.7900,50.2700,49.4950,49.6700,16761784
1970-01-01 00:27:33.004800,49.0400,49.6000,48.9200,49.5300,24181815
1970-01-01 00:27:32.918400,48.4600,49.1800,48.1300,49.1000,23186392
1970-01-01 00:27:32.832000,48.9500,49.4600,48.6300,48.8900,22365076
1970-01-01 00:27:32.745600,48.9500,49.2050,48.5300,48.9400,22043063
1970-01-01 00:27:32.659200,47.9800,49.2000,47.7600,49.0400,22754651
1970-01-01 00:27:32.400000,48.2500,48.4500,47.6100,48.1800,21080475
1970-01-01 00:27:32.313600,47.8100,48.1800,47.4100,48.0600,21623918
1970-01-01 00:27:32.227200,48.1800,48.5200,47.6209,47.8800,20133179
1970-01-01 00:27:32.140800,48.9000,49.4400,47.7700,48.1300,23007257
1970-01-01 00:27:32.054400,48.1300,48.8600,47.7500,48.6200,24391312
1970-01-01 00:27:31.795200,47.6000,48.4400,47.5210,48.2700,19322025
1970-01-01 00:27:31.708800,48.0300,48.3300,47.4100,47.8400,20664334
1970-01-01 00:27:31.622400,47.2400,48.4150,47.0000,48.3700,29490932
1970-01-01 00:27:31.536000,46.3900,47.4100,46.0600,47.1700,33263055
1970-01-01 00:27:31.449600,46.5100,47.0550,45.5489,46.2300,33309413
1970-01-01 00:27:31.190400,48.1600,48.2000,46.1700,46.3000,41014204
1970-01-01 00:27:31.104000,48.6900,49.1700,48.3000,48.4000,33011684
1970-01-01 00:27:31.017600,49.5100,49.5100,48.4200,48.4600,30582042
1970-01-01 00:27:30.931200,50.2600,50.6500,49.3700,49.4100,29433333
1970-01-01 00:27:30.844800,51.3400,51.4400,49.5400,50.2800,46028356
1970-01-01 00:27:30.585600,53.4400,53.5400,51.4600,51.9100,44958419
1970-01-01 00:27:30.499200,54.6100,55.5100,54.4700,55.0100,32821141
1970-01-01 00:27:30.412800,53.7600,54.4900,53.7000,54.4100,19388546
1970-01-01 00:27:30.326400,53.5800,53.9050,53.4600,53.7500,12890021
1970-01-01 00:27:30.240000,53.7600,54.2800,53.2200,53.3900,14394308
1970-01-01 00:27:29.894400,54.0000,54.1900,53.7800,53.8300,16915086
1970-01-01 00:27:29.808000,53.5900,54.3700,53.5900,54.1400,19797976
1970-01-01 00:27:29.721600,53.8700,54.0500,53.4222,53.6700,21136405
1970-01-01 00:27:29.635200,53.8700,54.7000,53.7100,53.9000,33614948
1970-01-01 00:27:29.376000,52.7300,53.6800,52.5000,53.5300,24852226
1970-01-01 00:27:29.289600,52.4500,52.9800,52.0400,52.6700,22790553
1970-01-01 00:27:29.203200,52.8100,53.4300,52.5650,53.2000,28661721
1970-01-01 00:27:29.116800,52.2000,52.9000,52.1300,52.7800,22911183
1970-01-01 00:27:29.030400,52.0200,52.5000,51.6350,52.4600,25800850
1970-01-01 00:27:28.771200,51.0200,52.1850,50.8150,52.1200,30550316
1970-01-01 00:27:28.684800,51.6600,51.7492,50.9300,50.9400,31027613
1970-01-01 00:27:28.598400,51.2200,51.6300,51.0800,51.6100,23821190
1970-01-01 00:27:28.512000,51.3200,51.3400,50.9600,51.2500,28193434
1970-01-01 00:27:28.425600,51.3600,51.3900,50.9500,51.1700,21688601
1970-01-01 00:27:28.166400,51.0600,51.4577,50.9700,51.2800,18727021
1970-01-01 00:27:28.080000,51.0400,51.1900,50.9254,51.0000,21087318
1970-01-01 00:27:27.993600,51.0500,51.4563,50.9600,50.9700,25988810
1970-01-01 00:27:27.907200,51.1900,51.4597,50.9500,51.0000,28602576
1970-01-01 00:27:27.820800,51.3700,51.8100,50.9700,51.1000,39855123
1970-01-01 00:27:27.561600,52.1200,52.2900,50.8000,50.8000,68384135
1970-01-01 00:27:27.475200,52.4800,52.5400,51.9950,52.3600,22931522
1970-01-01 00:27:27.388800,52.8700,53.0000,51.9500,52.4900,28500737
1970-01-01 00:27:27.302400,52.6900,53.0000,52.2100,52.7600,20477588
1970-01-01 00:27:27.216000,53.4300,53.6700,52.4401,52.5000,23124135
1970-01-01 00:27:26.956800,53.3600,53.5800,53.0100,53.0400,20838503
1970-01-01 00:27:26.870400,53.0000,53.3400,52.7800,53.2300,17501823
1970-01-01 00:27:26.784000,53.7199,53.8100,53.0100,53.0800,23049826
1970-01-01 00:27:26.697600,54.9600,55.3399,53.1900,53.2500,36526713
1970-01-01 00:27:26.611200,54.7500,55.2400,54.5000,54.6800,24962848
1970-01-01 00:27:26.352000,54.4300,55.3900,54.2550,55.1100,26917793
1970-01-01 00:27:26.265600,54.3800,55.1450,54.1750,54.6600,27577668
1970-01-01 00:27:26.179200,53.6700,54.4100,53.5300,54.1400,20712857
1970-01-01 00:27:26.092800,53.5000,54.1900,53.2600,53.6100,24693080
1970-01-01 00:27:26.006400,53.8000,54.1000,53.4000,53.6700,30593850
1970-01-01 00:27:25.747200,53.0800,54.5400,53.0800,54.1200,31444247
1970-01-01 00:27:25.660800,52.9700,53.1600,51.7100,52.5900,30079681
1970-01-01 00:27:25.574400,53.9000,53.9300,53.2400,53.4100,17841857
1970-01-01 00:27:25.488000,54.0000,54.0300,53.5900,53.9000,19787737
1970-01-01 00:27:25.142400,53.5600,53.9600,53.2800,53.8300,20298509
1970-01-01 00:27:25.056000,53.1000,53.5900,52.7800,53.5800,17462469
1970-01-01 00:27:24.969600,53.1900,53.7975,53.0900,53.4000,17277878
1970-01-01 00:27:24.883200,53.3000,53.5900,53.1500,53.3600,12827961
1970-01-01 00:27:24.796800,53.2500,53.4500,52.5000,53.2700,16081702
1970-01-01 00:27:24.537600,52.9500,53.4600,52.7000,53.3200,18833145
1970-01-01 00:27:24.451200,53.3400,53.5400,52.9000,53.0400,18644434
1970-01-01 00:27:24.364800,53.1500,53.6600,52.8800,53.5000,16449312
1970-01-01 00:27:24.278400,53.0100,53.1700,52.5750,52.8200,13911675
1970-01-01 00:27:24.192000,53.2300,53.3600,52.5100,53.0000,15438918
1970-01-01 00:27:23.932800,53.5200,53.8300,53.2250,53.3100,16199779
1970-01-01 00:27:23.846400,54.0000,54.5700,53.7000,53.7900,21219829
1970-01-01 00:27:23.760000,53.5600,54.2800,53.3000,53.8000,24160192
1970-01-01 00:27:23.673600,53.4000,53.6000,52.2100,53.2000,33045578
1970-01-01 00:27:23.587200,52.5200,53.3200,52.2100,53.2300,25182366
1970-01-01 00:27:23.328000,51.4400,52.9300,51.1850,52.9000,29490769
1970-01-01 00:27:23.241600,50.9100,52.0700,50.8100,51.1900,35346510
1970-01-01 00:27:23.155200,52.6200,52.8600,50.8100,51.0200,41504688
1970-01-01 00:27:23.068800,53.1300,53.8500,52.2619,52.9000,32075942
1970-01-01 00:27:22.982400,53.1100,53.7100,52.2000,52.9600,32535047
1970-01-01 00:27:22.723200,53.7300,53.9000,53.0700,53.1600,25294818
1970-01-01 00:27:22.636800,53.4900,53.9400,53.0800,53.4000,24297090
1970-01-01 00:27:22.550400,53.4700,53.6800,52.8700,53.5000,18369458
1970-01-01 00:27:22.464000,53.1000,53.5700,52.5800,53.4300,21503648
1970-01-01 00:27:22.118400,53.5900,53.7000,53.0750,53.2800,18695777
1970-01-01 00:27:22.032000,53.5150,54.0300,53.1750,53.5200,18178175
1970-01-01 00:27:21.945600,53.3900,53.6600,53.0900,53.4500,12778494
1970-01-01 00:27:21.859200,53.9200,54.0800,53.1600,53.5900,18551721
1970-01-01 00:27:21.772800,54.4900,54.8300,53.8100,53.8700,24929413
1970-01-01 00:27:21.513600,53.2600,54.3600,53.2600,54.2400,26512543
1970-01-01 00:27:21.427200,54.4800,54.5500,53.6600,53.7600,21563764
1970-01-01 00:27:21.340800,53.8400,54.6400,53.5100,54.0200,28697297
1970-01-01 00:27:21.254400,52.6400,53.7100,52.5500,53.4700,26376763
1970-01-01 00:27:21.168000,52.0700,52.5600,51.9800,52.4400,18243160
1970-01-01 00:27:20.908800,52.2000,52.3100,51.8801,51.9600,15498129
1970-01-01 00:27:20.822400,52.3800,52.5700,52.0800,52.2500,15615508
1970-01-01 00:27:20.736000,52.7700,52.8750,52.3400,52.3600,15109501
1970-01-01 00:27:20.649600,52.6300,53.0915,52.6100,52.7200,12129051
1970-01-01 00:27:20.563200,52.6900,52.8210,52.4500,52.6800,19710754
1970-01-01 00:27:20.217600,52.8500,53.0900,52.6700,52.6800,14921402
1970-01-01 00:27:20.131200,52.5800,52.9000,52.0550,52.7700,16486472
1970-01-01 00:27:20.044800,53.2600,53.3300,52.6500,52.7800,23905322
1970-01-01 00:27:19.958400,52.7300,53.3400,52.6850,53.0900,23418013
1970-01-01 00:27:19.699200,53.0500,53.2200,52.3604,53.1700,54604897
1970-01-01 00:27:19.612800,50.6600,52.9150,50.5500,52.7500,40091269
1970-01-01 00:27:19.526400,50.8300,51.0400,50.4800,50.5500,24115729
1970-01-01 00:27:19.440000,50.3700,51.1450,50.1800,50.6500,31555920
1970-01-01 00:27:19.353600,50.1000,50.5390,49.6850,50.2800,27618838
1970-01-01 00:27:19.094400,50.3300,50.3300,49.9900,50.1900,18498734
1970-01-01 00:27:19.008000,50.4000,50.4000,49.8650,50.1600,23628308
1970-01-01 00:27:18.921600,50.7200,50.8500,50.1500,50.4900,20452740
1970-01-01 00:27:18.835200,51.0000,51.0100,50.1300,50.7900,27754713
1970-01-01 00:27:18.748800,51.6400,51.9300,50.9600,51.0700,22433138
1970-01-01 00:27:18.489600,50.5900,51.4860,50.5200,51.4200,24711728
1970-01-01 00:27:18.403200,49.8300,51.1700,49.7800,50.7300,27364374
1970-01-01 00:27:18.316800,50.5000,50.9174,49.7400,49.7700,26305106
1970-01-01 00:27:18.230400,51.2600,51.3600,50.0400,50.2700,47766178
1970-01-01 00:27:18.144000,51.6100,51.8500,51.3250,51.6600,18652478
1970-01-01 00:27:17.884800,51.1500,52.2000,51.1000,51.8000,17048135
1970-01-01 00:27:17.712000,51.6300,52.1100,51.5900,51.6600,15474541
1970-01-01 00:27:17.625600,51.5600,52.1450,51.5600,51.7500,21507620
1970-01-01 00:27:17.539200,50.8500,52.0250,50.6500,51.5400,22756776
1970-01-01 00:27:17.280000,51.2800,51.3150,50.6700,50.8600,21105212
1970-01-01 00:27:17.193600,51.5000,51.6450,51.1250,51.2400,19490330
1970-01-01 00:27:17.107200,52.0100,52.0600,51.6100,51.7300,17679163
1970-01-01 00:27:17.020800,52.5100,52.6200,52.0400,52.0600,15876077
1970-01-01 00:27:16.934400,52.4400,52.5400,52.0700,52.4000,14282661
1970-01-01 00:27:16.675200,52.5100,52.5200,52.2900,52.3400,14208034
1970-01-01 00:27:16.588800,52.7400,52.7400,52.3600,52.4500,10983690
1970-01-01 00:27:16.502400,52.4200,52.7550,52.2100,52.6000,16261059
1970-01-01 00:27:16.416000,52.3000,52.3700,51.9900,52.2400,15632396
1970-01-01 00:27:16.329600,52.3000,52.4150,51.9100,52.3300,15985225
1970-01-01 00:27:16.070400,52.0200,52.8000,52.0200,52.2400,17442839
1970-01-01 00:27:15.984000,52.9100,52.9100,51.2000,51.8500,30807502
1970-01-01 00:27:15.897600,52.5900,53.0700,52.5200,52.9400,12240049
1970-01-01 00:27:15.811200,53.0500,53.0900,52.5050,52.5700,16870518
1970-01-01 00:27:15.724800,53.2400,53.3700,52.8700,52.9500,14107406
1970-01-01 00:27:15.465600,52.5000,53.0500,52.4100,52.9900,17763234
1970-01-01 00:27:15.379200,52.7500,53.1500,52.6200,52.8000,18374710
1970-01-01 00:27:15.292800,53.1700,53.2000,52.4700,52.6300,15007369
1970-01-01 00:27:15.206400,52.7000,53.1700,52.5600,53.0800,15185173
1970-01-01 00:27:15.120000,52.9700,53.1000,52.4600,52.5800,15987353
1970-01-01 00:27:14.860800,53.4200,53.4200,52.8800,52.9300,16074022
1970-01-01 00:27:14.774400,53.7700,53.9260,53.0700,53.3900,17771134
1970-01-01 00:27:14.688000,52.7850,53.7400,52.7200,53.6100,30659508
1970-01-01 00:27:14.601600,52.0000,52.4200,51.9200,52.3500,16094796
1970-01-01 00:27:14.515200,52.1600,52.3200,51.6400,51.9100,20853519
1970-01-01 00:27:14.256000,52.0800,52.8100,52.0150,52.2700,27005543
1970-01-01 00:27:14.169600,51.2700,51.9850,51.1600,51.9200,27764853
1970-01-01 00:27:14.083200,51.2100,51.4100,50.8600,51.3500,27246867
1970-01-01 00:27:13.996800,52.1800,52.1800,51.1100,51.3300,42153950
1970-01-01 00:27:13.910400,53.2600,53.2900,51.9800,52.1800,32088448
1970-01-01 00:27:13.651200,53.8700,53.9700,53.2200,53.2400,21384637
1970-01-01 00:27:13.564800,54.0400,54.3500,53.8250,53.9000,18069588
1970-01-01 00:27:13.478400,54.3400,54.5900,54.0100,54.5300,21339786
1970-01-01 00:27:13.392000,54.6400,54.8066,54.3200,54.5100,13218161
1970-01-01 00:27:13.305600,54.4500,54.8463,54.2750,54.5000,18159210
1970-01-01 00:27:13.046400,54.0200,54.5600,53.9200,54.3000,18618425
1970-01-01 00:27:12.960000,54.5000,54.5100,54.0000,54.0100,18744165
1970-01-01 00:27:12.873600,54.0900,54.6550,54.0900,54.3800,14822974
1970-01-01 00:27:12.787200,54.4500,54.6900,54.0300,54.1600,19528245
1970-01-01 00:27:12.700800,54.4500,54.6500,54.3800,54.4700,13118246
1970-01-01 00:27:12.441600,54.3600,54.5700,54.2450,54.3700,12663947
1970-01-01 00:27:12.355200,54.2000,54.6100,54.0100,54.4200,14714106
1970-01-01 00:27:12.268800,54.1400,54.3900,54.0200,54.0600,15907948
1970-01-01 00:27:12.182400,54.2900,54.6400,54.0100,54.0300,16906851
1970-01-01 00:27:12.096000,54.0600,54.5800,54.0100,54.2600,20440542
1970-01-01 00:27:11.836800,54.1400,54.4600,54.0600,54.2800,30800323
1970-01-01 00:27:11.750400,54.6200,54.7900,54.3500,54.4300,14431366
1970-01-01 00:27:11.664000,54.3100,54.6557,54.3100,54.5700,15330011
1970-01-01 00:27:11.577600,54.6500,54.7700,54.2800,54.4100,16937519
1970-01-01 00:27:11.491200,54.4000,54.9761,54.4000,54.6200,20749005
1970-01-01 00:27:11.232000,54.5600,54.6650,54.2200,54.2300,15944099
1970-01-01 00:27:11.145600,54.8300,54.8700,54.4300,54.4400,19403341
1970-01-01 00:27:11.059200,54.7900,55.0874,54.7900,54.9100,11835908
1970-01-01 00:27:10.972800,55.3800,55.5000,54.8000,54.8200,15500872
1970-01-01 00:27:10.627200,55.2400,55.5000,55.1700,55.4300,11008648
1970-01-01 00:27:10.540800,54.9300,55.3100,54.8950,55.2900,12879819
1970-01-01 00:27:10.454400,55.0000,55.1500,54.8000,54.9400,12647346
1970-01-01 00:27:10.368000,54.7100,55.1400,54.5800,55.0000,18405561
1970-01-01 00:27:10.281600,54.7400,54.9600,54.6800,54.7700,11621177
1970-01-01 00:27:10.022400,54.6500,54.8300,54.5300,54.7700,13213772
1970-01-01 00:27:09.936000,54.9100,55.0550,54.5700,54.6000,15256166
1970-01-01 00:27:09.849600,55.0200,55.0800,54.8117,54.9300,14666267
1970-01-01 00:27:09.763200,55.4100,55.4200,55.0000,55.0100,15478362
1970-01-01 00:27:09.676800,55.5500,55.7100,55.4100,55.4200,11963684
1970-01-01 00:27:09.417600,55.3300,55.7069,55.2000,55.5200,10645068
1970-01-01 00:27:09.331200,55.3000,55.6600,55.1900,55.3700,12679926
1970-01-01 00:27:09.244800,56.0500,56.0700,55.4500,55.4700,15093536
1970-01-01 00:27:09.158400,55.8700,56.2000,55.7710,56.1800,11847558
1970-01-01 00:27:09.072000,55.9200,56.0700,55.5800,55.9800,12977101
1970-01-01 00:27:08.812800,55.7000,55.9800,55.6800,55.8700,8348478
1970-01-01 00:27:08.726400,55.6200,55.8000,55.5300,55.6400,10748448
1970-01-01 00:27:08.640000,55.6100,55.8450,55.5200,55.5700,11727288
1970-01-01 00:27:08.553600,55.1000,55.5255,55.0000,55.4800,11756923
1970-01-01 00:27:08.467200,55.2800,55.4200,55.1100,55.1200,13452449
1970-01-01 00:27:08.208000,55.3300,55.5900,55.2100,55.2200,12660268
1970-01-01 00:27:08.121600,55.4100,55.5000,55.2500,55.3000,12776588
1970-01-01 00:27:08.035200,55.6000,55.7100,55.2800,55.3700,16446094
1970-01-01 00:27:07.948800,55.7600,55.9500,55.5700,55.7300,12573078
1970-01-01 00:27:07.862400,56.0600,56.2550,55.6800,55.7600,13833356
1970-01-01 00:27:07.603200,56.0300,56.1800,55.7600,55.7800,13856886
1970-01-01 00:27:07.516800,55.8900,56.1800,55.8800,55.9800,12799027
1970-01-01 00:27:07.430400,56.2400,56.3200,55.6900,55.7200,14595869
1970-01-01 00:27:07.344000,55.6700,56.3350,55.4750,56.2000,15225787
1970-01-01 00:27:07.257600,55.8800,55.9350,55.5450,55.7800,15330451
1970-01-01 00:27:06.998400,55.8300,56.0300,55.6400,55.8800,14894333
1970-01-01 00:27:06.912000,56.1500,56.2800,55.6200,55.9500,16231404
1970-01-01 00:27:06.825600,56.5400,56.8500,55.9200,55.9500,25264052
1970-01-01 00:27:06.739200,55.9500,56.7700,55.5350,55.5800,20258935
1970-01-01 00:27:06.652800,56.1700,56.4400,55.3100,55.8400,21958548
1970-01-01 00:27:06.393600,56.6800,56.7900,56.4100,56.4600,11637936
1970-01-01 00:27:06.307200,56.3200,56.5950,56.2400,56.5500,12813947
1970-01-01 00:27:06.220800,56.0900,56.4300,56.0300,56.3200,14821708
1970-01-01 00:27:06.134400,56.2700,56.4800,56.0000,56.0900,12511851
1970-01-01 00:27:06.048000,55.9900,56.3550,55.8792,56.1500,13451460
1970-01-01 00:27:05.788800,55.7000,56.2300,55.6202,56.0700,13756985
1970-01-01 00:27:05.702400,55.7500,55.9800,55.5500,55.6800,18384000
1970-01-01 00:27:05.616000,56.3500,56.5750,56.2050,56.5300,14393314
1970-01-01 00:27:05.529600,56.4800,56.5100,56.0000,56.4100,13815931
1970-01-01 00:27:05.184000,56.3800,56.5700,56.2620,56.4400,11392803
1970-01-01 00:27:05.097600,56.1800,56.4300,56.0200,56.2900,11672240
1970-01-01 00:27:05.011200,55.7600,56.1400,55.7600,56.0300,14559686
1970-01-01 00:27:04.924800,56.2000,56.3665,55.8200,55.8400,15313027
1970-01-01 00:27:04.838400,56.3800,56.5000,56.1700,56.1800,13754941
1970-01-01 00:27:04.579200,56.2700,56.5200,56.1900,56.3800,14540333
1970-01-01 00:27:04.492800,56.1600,56.4100,56.0600,56.3700,15386225
1970-01-01 00:27:04.406400,56.4500,56.7500,56.0500,56.0700,16524474
1970-01-01 00:27:04.320000,56.6900,56.7800,56.2800,56.3700,13866624
1970-01-01 00:27:04.233600,56.0700,56.4900,55.9800,56.3900,13628223
1970-01-01 00:27:03.974400,56.3100,56.3100,55.5700,55.8200,38210482
1970-01-01 00:27:03.888000,56.6500,56.9198,56.5000,56.5300,14761103
1970-01-01 00:27:03.801600,57.3700,57.3900,56.6300,56.6400,15636691
1970-01-01 00:27:03.715200,57.1800,57.4450,57.1600,57.2900,12602705
1970-01-01 00:27:03.628800,57.1900,57.2700,56.8500,57.1800,11907642
1970-01-01 00:27:03.369600,57.4900,57.5500,57.0100,57.3300,12928963
1970-01-01 00:27:03.283200,57.3300,57.6100,57.2200,57.3400,12013567
1970-01-01 00:27:03.196800,57.1500,57.5250,57.0100,57.0500,14705149
1970-01-01 00:27:03.110400,57.2400,57.2500,56.7900,57.1500,15858377
1970-01-01 00:27:03.024000,57.2300,57.3300,57.0700,57.2000,11144118
1970-01-01 00:27:02.764800,56.9200,57.3700,56.9000,57.3000,11868076
1970-01-01 00:27:02.678400,56.7000,57.2200,56.5800,56.9800,14212510
1970-01-01 00:27:02.592000,56.3100,56.8400,56.1700,56.6500,13681114
1970-01-01 00:27:02.505600,56.7500,56.8600,56.2400,56.3800,14922777
1970-01-01 00:27:02.160000,56.3500,56.6400,56.2900,56.4900,14027803
1970-01-01 00:27:02.073600,56.3200,56.5500,56.0200,56.2900,30754268
1970-01-01 00:27:01.987200,56.4700,56.5600,56.2700,56.3600,14045237
1970-01-01 00:27:01.900800,57.0000,57.0300,56.2900,56.4800,15935074
1970-01-01 00:27:01.814400,57.0900,57.3000,56.7800,56.9800,12970736
1970-01-01 00:27:01.555200,57.0600,57.3000,56.7400,56.9100,15474382
1970-01-01 00:27:01.468800,56.9100,57.2500,56.7500,56.7900,20768855
1970-01-01 00:27:01.382400,56.5200,56.9400,56.3500,56.9200,20213485
1970-01-01 00:27:01.296000,57.5000,57.5000,56.6400,57.1800,26578952
1970-01-01 00:27:01.209600,58.8900,59.0700,57.8700,57.9400,22386982
1970-01-01 00:27:00.950400,59.0100,59.2556,58.6700,58.6900,13770302
1970-01-01 00:27:00.864000,58.0000,59.1900,57.9600,58.8100,13307891
1970-01-01 00:27:00.777600,58.2500,58.9000,58.1500,58.4100,14718588
1970-01-01 00:27:00.691200,59.7900,59.7900,58.2945,58.5400,17971888
1970-01-01 00:27:00.604800,59.0800,59.8500,59.0200,59.5200,22562999
1970-01-01 00:27:00.345600,58.8000,59.0700,58.6000,58.7200,15678645
1970-01-01 00:27:00.259200,58.9100,59.3700,58.6850,59.2900,14593094
1970-01-01 00:27:00.172800,58.6300,59.0600,58.5500,58.6900,17882200
1970-01-01 00:27:00.086400,57.9800,58.6500,57.9500,58.6000,22067723
1970-01-01 00:27:00.000000,58.2300,58.3300,57.8700,57.9200,17559067
1970-01-01 00:26:59.740800,57.3500,57.8600,56.9615,57.7900,16861522
1970-01-01 00:26:59.654400,56.5500,57.5150,56.5300,57.3200,18169162
1970-01-01 00:26:59.568000,56.3700,56.6600,56.3400,56.4300,12862540
1970-01-01 00:26:59.481600,56.5800,56.7200,56.2000,56.3200,21858610
1970-01-01 00:26:59.395200,57.3600,57.3900,56.8500,56.9400,15073593
1970-01-01 00:26:59.136000,57.1300,57.4700,56.7800,57.3000,18103499
1970-01-01 00:26:59.049600,57.9400,58.0900,57.1350,57.2800,20921933
1970-01-01 00:26:58.963200,58.4000,58.8400,58.0500,58.1400,18310063
1970-01-01 00:26:58.876800,58.1200,58.5400,57.9700,58.3900,16673643
1970-01-01 00:26:58.790400,58.5000,58.7100,58.0900,58.3900,11955362
1970-01-01 00:26:58.531200,58.0700,58.4800,57.8000,58.2800,19866192
1970-01-01 00:26:58.444800,57.5600,57.9100,57.5400,57.7000,13338438
1970-01-01 00:26:58.358400,57.5000,58.1300,57.2930,57.7000,13890134
1970-01-01 00:26:58.272000,57.3700,57.7600,57.1600,57.6200,15489076
1970-01-01 00:26:58.185600,57.6600,57.8850,57.4250,57.5400,19564560
1970-01-01 00:26:57.926400,57.6000,57.8000,57.2500,57.4900,13871989
1970-01-01 00:26:57.840000,58.0400,58.1300,57.5326,57.6000,16472396
1970-01-01 00:26:57.753600,59.1300,59.4600,58.7850,59.0000,13218407
1970-01-01 00:26:57.667200,58.8100,59.1100,58.6800,59.1100,12198315
1970-01-01 00:26:57.580800,58.5300,59.1300,58.4600,58.8700,14326323
1970-01-01 00:26:57.235200,58.0200,58.3900,57.7350,58.3000,12885075
1970-01-01 00:26:57.148800,58.4000,58.5200,58.0600,58.1500,19531730
1970-01-01 00:26:57.062400,58.8700,58.9700,58.2300,58.5900,13239746
1970-01-01 00:26:56.976000,58.0900,58.9800,57.9500,58.8300,18577278
1970-01-01 00:26:56.716800,57.4300,58.2500,57.3800,58.1800,19632699
1970-01-01 00:26:56.630400,57.0500,57.5400,56.7000,57.3800,18047418
1970-01-01 00:26:56.544000,56.7400,57.4299,56.6300,57.0100,14819764
1970-01-01 00:26:56.457600,56.4200,57.4200,56.3800,56.9100,20084121
1970-01-01 00:26:56.371200,55.8700,56.6700,55.7700,56.5900,20656571
1970-01-01 00:26:56.112000,56.4284,56.5200,55.9500,56.2400,39055022
1970-01-01 00:26:56.025600,55.7500,56.3700,55.6600,56.3100,19970729
1970-01-01 00:26:55.939200,55.7700,56.1200,55.2900,55.7500,17866950
1970-01-01 00:26:55.852800,55.7000,55.9200,55.4366,55.6400,19044720
1970-01-01 00:26:55.766400,55.8100,55.9400,55.1000,55.6400,18983383
1970-01-01 00:26:55.507200,55.7300,56.1700,55.6100,55.6300,22002419
1970-01-01 00:26:55.420800,57.0100,57.1900,55.4700,55.5100,30312882
1970-01-01 00:26:55.334400,56.6900,57.2899,55.8500,57.0800,18848587
1970-01-01 00:26:55.248000,56.9000,57.1000,56.1700,56.2000,20956420
1970-01-01 00:26:55.161600,55.9500,57.2950,55.8200,56.7900,23648823
1970-01-01 00:26:54.902400,54.9500,56.1970,54.9200,56.0000,23598091
1970-01-01 00:26:54.816000,55.5500,55.6199,54.5300,54.8000,23691963
1970-01-01 00:26:54.729600,54.5600,55.9700,54.4019,55.3800,22838740
1970-01-01 00:26:54.643200,55.3100,55.5198,54.9200,54.9800,17184557
1970-01-01 00:26:54.556800,55.4900,55.9500,55.2800,55.3600,20550351
1970-01-01 00:26:54.297600,56.4700,56.6050,55.2900,55.3000,23488585
1970-01-01 00:26:54.211200,56.1200,56.8600,55.7400,56.5000,24085116
1970-01-01 00:26:54.124800,57.0800,57.4200,56.6700,57.1200,17136948
1970-01-01 00:26:54.038400,56.8100,57.5300,56.2850,57.0300,21061968
1970-01-01 00:26:53.952000,56.5300,56.8398,56.1500,56.4500,17599315
1970-01-01 00:26:53.692800,57.3300,57.4000,56.3500,56.4500,18689447
1970-01-01 00:26:53.606400,56.9400,57.6100,56.5300,56.9800,20759946
1970-01-01 00:26:53.520000,56.0000,57.2500,55.6300,56.9900,40239067
1970-01-01 00:26:53.433600,54.1100,54.3200,53.8300,54.1500,22095664
1970-01-01 00:26:53.088000,54.4200,54.6800,54.1819,54.2000,18357315
1970-01-01 00:26:53.001600,55.0200,55.0600,54.4800,54.6000,17398762
1970-01-01 00:26:52.915200,55.2200,55.4400,54.9200,54.9600,16153494
1970-01-01 00:26:52.828800,55.0200,55.3000,54.6800,55.0000,19531944
1970-01-01 00:26:52.742400,55.3700,55.4800,54.7900,55.0500,17887731
1970-01-01 00:26:52.483200,55.2000,55.6750,55.1700,55.3200,12069509
1970-01-01 00:26:52.396800,54.7600,55.3700,54.5900,55.1400,14761726
1970-01-01 00:26:52.310400,54.3100,54.9000,54.2500,54.7900,13909319
1970-01-01 00:26:52.224000,54.4300,55.1650,54.1700,54.5000,18790643
1970-01-01 00:26:52.137600,55.2700,55.2700,54.2200,54.2800,20541083
1970-01-01 00:26:51.878400,55.0000,55.2700,54.4750,54.7500,26231159
1970-01-01 00:26:51.792000,55.0000,56.3300,55.0000,55.3700,24000758
1970-01-01 00:26:51.705600,56.6400,56.9600,55.0600,55.1300,37238983
1970-01-01 00:26:51.619200,56.9900,57.2750,56.4100,56.5700,37892724
1970-01-01 00:26:51.532800,57.4700,58.6200,57.1800,58.4200,22444344
1970-01-01 00:26:51.273600,57.1700,57.6900,56.7600,57.4700,16364509
1970-01-01 00:26:51.187200,57.1900,57.5100,57.0500,57.2700,13604851
1970-01-01 00:26:51.100800,57.0100,57.3900,56.6600,57.2600,19923097
1970-01-01 00:26:51.014400,57.4400,57.5800,56.9800,57.0500,18821289
1970-01-01 00:26:50.668800,56.7800,57.5000,56.7100,57.3800,15785274
1970-01-01 00:26:50.582400,56.8900,57.4250,56.6600,57.0400,18341088
1970-01-01 00:26:50.496000,57.2200,57.2500,56.8750,57.0600,16985371
1970-01-01 00:26:50.409600,57.2700,57.4500,56.6900,57.2600,22687662
1970-01-01 00:26:50.323200,57.7500,58.0500,57.2850,57.4600,15701548
1970-01-01 00:26:50.064000,58.2300,58.3600,57.3700,57.8000,28411561
1970-01-01 00:26:49.977600,58.2700,58.7600,58.0800,58.5300,19079876
1970-01-01 00:26:49.891200,58.8100,59.5400,58.5400,59.2900,22678540
1970-01-01 00:26:49.804800,58.8600,59.0900,58.4550,58.5800,16220030
1970-01-01 00:26:49.718400,58.9600,59.1450,58.4400,58.8500,19129819
1970-01-01 00:26:49.372800,58.0600,58.8000,58.0200,58.7500,12906334
1970-01-01 00:26:49.286400,58.8300,58.9400,58.0600,58.1400,18259792
1970-01-01 00:26:49.200000,59.0300,59.2400,58.6400,58.8100,15686127
1970-01-01 00:26:49.113600,59.1600,59.1800,58.6500,58.9800,15301727
1970-01-01 00:26:48.768000,59.0000,59.0700,58.6600,58.8400,7751101
1970-01-01 00:26:48.681600,59.2000,59.2800,58.8850,58.9600,14012385
1970-01-01 00:26:48.595200,59.3200,59.4150,58.8600,58.9900,12958662
1970-01-01 00:26:48.508800,60.0600,60.1300,59.2819,59.4900,18567510
1970-01-01 00:26:48.249600,60.0000,60.7800,59.7900,60.4600,31909355
1970-01-01 00:26:48.163200,59.9800,60.1500,59.6100,60.0100,12095487
1970-01-01 00:26:48.076800,60.2000,60.4500,59.6650,59.9100,17165868
1970-01-01 00:26:47.990400,60.0700,60.7400,59.9700,60.5500,15877173
1970-01-01 00:26:47.904000,60.6100,61.0600,59.7700,59.9800,15706487
1970-01-01 00:26:47.644800,60.0800,60.5300,59.9700,60.3500,13672966
1970-01-01 00:26:47.558400,61.2600,61.3534,60.3330,60.5100,15464439
1970-01-01 00:26:47.472000,61.4500,61.8200,61.0900,61.4600,14949506
1970-01-01 00:26:47.385600,61.1800,61.7000,60.8750,61.4500,13421083
1970-01-01 00:26:47.299200,61.5200,61.7000,61.1750,61.3500,12537547
1970-01-01 00:26:47.040000,61.5450,61.8000,61.2650,61.5500,10495842
1970-01-01 00:26:46.953600,61.1100,61.8300,61.0400,61.7400,11937197
1970-01-01 00:26:46.867200,61.4000,61.9500,61.0100,61.3600,14169946
1970-01-01 00:26:46.780800,60.4300,60.9200,60.2848,60.5800,13309124
1970-01-01 00:26:46.694400,60.3200,60.6000,60.1850,60.4100,21839106
1970-01-01 00:26:46.435200,60.5200,60.7400,60.4100,60.5800,5763683
1970-01-01 00:26:46.262400,60.6700,60.7400,60.3300,60.4100,10604314
1970-01-01 00:26:46.176000,60.6000,60.8000,60.3600,60.6400,14935824
1970-01-01 00:26:46.089600,60.0100,60.3900,60.0000,60.2300,11602198
1970-01-01 00:26:45.830400,60.2100,60.3300,59.9450,60.0400,14225740
1970-01-01 00:26:45.744000,60.4000,60.4400,59.9000,60.2100,12662962
1970-01-01 00:26:45.657600,61.1300,61.1500,60.3000,60.3200,11698771
1970-01-01 00:26:45.571200,60.5600,61.0200,60.3600,60.7500,11698188
1970-01-01 00:26:45.484800,60.8100,61.4600,60.6950,60.8900,14289351
1970-01-01 00:26:45.225600,60.6300,61.1900,60.3800,61.0600,10655566
1970-01-01 00:26:45.139200,60.9100,61.0100,60.3400,60.7900,13297928
1970-01-01 00:26:45.052800,61.2900,61.3500,60.4735,61.0000,12196929
1970-01-01 00:26:44.966400,60.2800,61.4100,60.2000,61.1000,22051821
1970-01-01 00:26:44.880000,60.0400,60.5800,59.5100,59.8400,24265943
1970-01-01 00:26:44.620800,58.0800,58.7500,58.0100,58.5300,11986215
1970-01-01 00:26:44.534400,58.0100,58.9700,57.8000,58.1500,20156427
1970-01-01 00:26:44.448000,57.1900,57.8500,56.5800,57.2200,20785665
1970-01-01 00:26:44.361600,57.8100,58.3750,57.5100,57.7500,10693451
1970-01-01 00:26:44.275200,57.6700,58.2050,57.0000,57.7000,16086426
1970-01-01 00:26:44.016000,56.6000,57.0700,56.3700,56.9900,17636905
1970-01-01 00:26:43.929600,56.1600,57.3100,56.0200,56.7600,19146139
1970-01-01 00:26:43.843200,56.9150,57.3500,56.1200,56.3100,18720210
1970-01-01 00:26:43.756800,57.7000,57.8514,57.3100,57.3800,12253033
1970-01-01 00:26:43.670400,57.5200,57.8500,56.9710,57.8100,15196813
1970-01-01 00:26:43.411200,57.7500,57.9700,57.4600,57.9600,12879556
1970-01-01 00:26:43.324800,56.9300,57.6600,56.5100,57.3300,16638556
1970-01-01 00:26:43.238400,57.1100,57.7100,56.6900,56.7500,21498297
1970-01-01 00:26:43.152000,57.5400,57.6700,56.7600,57.2500,18696193
1970-01-01 00:26:43.065600,58.1500,58.2900,57.0800,57.3000,16075107
1970-01-01 00:26:42.806400,58.0800,58.4300,58.0100,58.0500,13366404
1970-01-01 00:26:42.720000,58.1100,58.2800,57.7200,58.1600,13645772
1970-01-01 00:26:42.633600,59.4600,59.5200,58.3900,58.4300,16596707
1970-01-01 00:26:42.547200,59.7000,59.7200,58.8500,59.3600,22109564
1970-01-01 00:26:42.460800,59.3300,59.6800,59.1500,59.5500,20211240
1970-01-01 00:26:42.201600,59.2500,59.5400,59.0800,59.3300,9846192
1970-01-01 00:26:42.115200,59.1200,59.7300,58.9700,59.1900,14266446
1970-01-01 00:26:42.028800,59.6200,59.7800,59.2000,59.6100,13674664
1970-01-01 00:26:41.942400,59.7600,59.9700,59.3300,59.4600,12524942
1970-01-01 00:26:41.856000,59.6300,59.8400,59.2600,59.6600,10457440
1970-01-01 00:26:41.596800,59.2900,59.5450,59.1100,59.2400,10741765
1970-01-01 00:26:41.510400,59.4000,59.6000,59.0300,59.4500,14547081
1970-01-01 00:26:41.424000,59.4600,59.7050,59.0450,59.4900,16348367
1970-01-01 00:26:41.337600,59.2800,59.4900,59.1000,59.2400,10008194
1970-01-01 00:26:41.251200,59.5600,59.7950,59.1830,59.3600,11910453
1970-01-01 00:26:40.992000,58.8500,59.4500,58.8100,59.3900,10676512
1970-01-01 00:26:40.905600,59.0000,59.5600,58.6500,59.1900,10875276
1970-01-01 00:26:40.819200,59.8300,60.1400,58.8500,58.9100,15416213
1970-01-01 00:26:40.732800,59.7300,60.3700,59.5150,59.8200,12198931
1970-01-01 00:26:40.646400,60.0000,60.0800,59.0200,59.6100,15871367
1970-01-01 00:26:40.387200,60.1800,60.9400,60.1519,60.3500,22584518
1970-01-01 00:26:40.300800,60.6000,60.9900,60.1000,60.5900,14996157
1970-01-01 00:26:40.214400,60.5300,60.9300,60.3150,60.3700,12700861
1970-01-01 00:26:40.128000,60.1100,61.1000,60.1000,60.6000,9444313
1970-01-01 00:26:40.041600,60.0200,60.7800,60.0000,60.3200,11932525
1970-01-01 00:26:39.782400,59.5800,59.9600,59.3601,59.7900,13924836
1970-01-01 00:26:39.696000,60.2300,60.2500,59.4100,59.5300,15811194
1970-01-01 00:26:39.609600,60.1200,60.7476,59.9700,60.0400,15896198
1970-01-01 00:26:39.523200,60.8000,60.8000,59.6200,59.9600,18469724
1970-01-01 00:26:39.177600,60.4800,61.5000,60.0600,60.4800,22250107
1970-01-01 00:26:39.091200,60.8300,61.2800,60.1400,60.6100,23126843
1970-01-01 00:26:39.004800,59.1500,60.7400,59.0000,60.5300,21711851
1970-01-01 00:26:38.918400,59.1200,59.2950,58.7800,59.1600,13359389
1970-01-01 00:26:38.832000,59.0400,59.4400,59.0200,59.2700,14555477
1970-01-01 00:26:38.572800,59.4100,59.4100,58.8200,59.2600,11873883
1970-01-01 00:26:38.486400,59.6000,59.7900,59.4100,59.4300,11405256
1970-01-01 00:26:38.400000,59.3000,59.5000,58.9000,59.4600,15096368
1970-01-01 00:26:38.313600,59.7000,59.7500,59.1800,59.4200,11316837
1970-01-01 00:26:38.227200,59.1000,59.6100,59.0000,59.5700,10931471
1970-01-01 00:26:37.968000,59.0000,59.0400,58.5350,58.9900,11059276
1970-01-01 00:26:37.881600,58.6000,59.0900,58.5900,58.9600,8061476
1970-01-01 00:26:37.795200,59.3600,59.4400,58.9300,59.0500,10816317
1970-01-01 00:26:37.708800,58.8600,59.4700,58.7800,59.1800,10130832
1970-01-01 00:26:37.622400,58.7300,58.9300,58.5450,58.7800,8313684
1970-01-01 00:26:37.363200,58.4800,58.9400,58.2500,58.7900,8715886
1970-01-01 00:26:37.276800,58.3000,58.6000,58.1900,58.5200,7428615
1970-01-01 00:26:37.190400,58.6000,58.9700,58.5200,58.6000,10804024
1970-01-01 00:26:37.104000,59.3000,59.6083,58.2500,58.5100,12833071
1970-01-01 00:26:37.017600,58.6500,59.1500,58.4650,58.9900,12114527
1970-01-01 00:26:36.758400,57.8200,58.5500,57.6500,58.5300,12783922
1970-01-01 00:26:36.672000,57.5000,57.9450,57.4500,57.8300,10369912
1970-01-01 00:26:36.585600,58.1600,58.1900,57.4050,57.5400,9811687
1970-01-01 00:26:36.499200,57.2000,58.1400,57.1800,57.9100,11600950
1970-01-01 00:26:36.412800,57.8700,57.8700,57.1200,57.2400,13494539
1970-01-01 00:26:36.153600,56.8500,57.5000,56.6500,57.4800,16195136
1970-01-01 00:26:36.067200,57.2100,57.4600,57.1400,57.3000,12635807
1970-01-01 00:26:35.980800,57.3700,57.6860,57.1600,57.4500,9341803
1970-01-01 00:26:35.894400,57.0500,57.7000,56.9700,57.4800,13454716
1970-01-01 00:26:35.808000,57.0000,57.3300,56.5100,56.8700,12306672
1970-01-01 00:26:35.548800,56.3500,57.5700,56.1400,56.8500,17981683
1970-01-01 00:26:35.462400,55.8100,56.0900,55.4000,55.8500,16718749
1970-01-01 00:26:35.376000,55.8400,55.9450,55.3700,55.7500,11223546
1970-01-01 00:26:35.289600,55.8400,56.5000,55.8000,55.8400,12619921
1970-01-01 00:26:35.203200,56.2800,56.2800,55.6600,55.8700,10568767
1970-01-01 00:26:34.944000,56.0000,56.6000,55.8900,56.3000,13506148
1970-01-01 00:26:34.857600,54.8700,55.8300,54.7600,55.7800,13471829
1970-01-01 00:26:34.771200,55.6100,55.7200,55.0200,55.0600,13898532
1970-01-01 00:26:34.684800,54.4300,55.6500,54.2700,55.4400,15677777
1970-01-01 00:26:34.598400,54.7500,54.7700,54.1400,54.4500,15280508
1970-01-01 00:26:34.339200,53.8400,54.5800,53.8400,54.4900,15650801
1970-01-01 00:26:34.252800,54.6500,54.6500,53.7500,53.9400,17614903
1970-01-01 00:26:34.166400,55.1100,55.4400,54.8200,55.3800,15312940
1970-01-01 00:26:34.080000,54.9200,55.3300,54.8000,55.0400,13313605
1970-01-01 00:26:33.993600,55.3500,55.4300,54.9100,55.2400,11225665
1970-01-01 00:26:33.648000,55.0500,55.4100,54.7400,54.7900,15807342
1970-01-01 00:26:33.561600,55.0900,55.3300,54.5800,54.6700,12841243
1970-01-01 00:26:33.475200,54.9200,55.2900,54.3600,55.1300,17413028
1970-01-01 00:26:33.388800,53.3100,54.7100,53.3100,54.6900,15930280
1970-01-01 00:26:33.129600,54.0400,54.0600,52.8500,53.1600,30203982
1970-01-01 00:26:33.043200,53.9100,54.3900,53.3400,54.2800,17118382
1970-01-01 00:26:32.956800,54.5400,54.5600,53.4600,53.9300,24787002
1970-01-01 00:26:32.870400,55.7500,55.8500,54.9100,54.9400,20708950
1970-01-01 00:26:32.784000,55.9100,56.2600,55.6100,55.6600,12320722
1970-01-01 00:26:32.524800,57.3500,57.4700,56.0000,56.1600,28868222
1970-01-01 00:26:32.438400,56.5000,56.9600,56.3700,56.8900,9012411
1970-01-01 00:26:32.352000,57.1400,57.1700,56.5100,56.6500,10649806
1970-01-01 00:26:32.265600,56.8300,57.3200,56.2400,56.9200,15020689
1970-01-01 00:26:32.179200,55.7300,56.5400,55.2800,56.1500,14826586
1970-01-01 00:26:31.920000,56.6300,56.8100,55.7900,56.5300,17128934
1970-01-01 00:26:31.833600,57.4800,57.9400,56.4000,56.4500,23404669
1970-01-01 00:26:31.747200,57.9000,58.2300,57.7000,58.0500,13615727
1970-01-01 00:26:31.660800,57.7500,58.1300,57.3700,57.8600,14526866
1970-01-01 00:26:31.574400,57.6500,58.2000,57.2700,58.0900,14953835
1970-01-01 00:26:31.315200,57.7500,58.1200,57.0800,57.7400,17102267
1970-01-01 00:26:31.228800,56.7400,57.3700,56.5100,57.2200,16144439
1970-01-01 00:26:31.142400,56.5200,56.9800,56.3000,56.8300,16082604
1970-01-01 00:26:31.056000,55.8200,56.4600,55.5400,56.4000,17293364
1970-01-01 00:26:30.969600,56.7000,56.9000,55.7500,55.7800,18155824
1970-01-01 00:26:30.710400,55.3300,57.7900,54.8900,57.3800,34226165
1970-01-01 00:26:30.624000,55.5800,55.7900,55.1600,55.7200,15427237
1970-01-01 00:26:30.537600,54.6100,55.2200,54.4300,55.1400,17062391
1970-01-01 00:26:30.451200,54.9000,55.2500,54.1800,54.3000,20824019
1970-01-01 00:26:30.105600,53.9600,54.2900,53.6700,54.1000,19954790
1970-01-01 00:26:30.019200,54.4300,54.6400,53.8600,53.9700,18192736
1970-01-01 00:26:29.932800,54.5400,54.9000,54.0500,54.2600,21348643
1970-01-01 00:26:29.846400,55.4300,55.5500,54.3200,54.3800,18459261
1970-01-01 00:26:29.760000,55.6500,56.2000,55.0400,55.7200,15735631
1970-01-01 00:26:29.500800,54.6300,54.7600,54.2100,54.7100,10172452
1970-01-01 00:26:29.414400,54.5000,54.9300,53.8500,54.9100,15852227
1970-01-01 00:26:29.328000,55.1600,55.5500,54.5600,54.8500,20601273
1970-01-01 00:26:29.241600,56.7500,56.7500,55.4500,55.4600,13112815
1970-01-01 00:26:29.155200,56.8700,56.9100,56.2400,56.4000,12635715
1970-01-01 00:26:28.896000,56.2200,57.0300,56.0300,57.0000,11097857
1970-01-01 00:26:28.809600,56.1000,56.1500,55.1800,55.5800,14082930
1970-01-01 00:26:28.723200,56.3600,56.6600,55.5400,55.6400,12454953
1970-01-01 00:26:28.636800,56.0000,56.9400,56.0000,56.5100,10901012
1970-01-01 00:26:28.550400,56.8500,57.0300,55.8000,56.2400,11827943
1970-01-01 00:26:28.291200,57.7600,57.7900,56.5300,56.8300,13854954
1970-01-01 00:26:28.204800,57.8300,57.9600,57.2100,57.4500,17527186
1970-01-01 00:26:28.118400,58.3800,58.6000,57.7000,58.1200,17813877
1970-01-01 00:26:28.032000,57.8200,58.3800,57.6200,57.8300,13390333
1970-01-01 00:26:27.945600,57.9300,58.2900,57.2000,57.8100,16048504
